--  Заполнение таблицы Сотрудники тестовыми данными
INSERT INTO employees (full_name, position, date_of_hire, department, shift_type) VALUES
('Павленко Н.А.', 'Инженер', '2023-10-10',  'Цех 1', 'morning'),
('Фролов И.В.', 'Мастер', '2023-05-07', 'Цех 2', 'morning'),
('Карачев Н.Д.', 'Нач.отдела кадров', '2022-03-11', 'Отдел кадров', 'morning'),
('Назаров И.О.', 'Бухгалтер', '2024-07-08', 'Отдел кадров', 'morning'),
('Смирнов С.А.', 'Технолог', '2024-12-15', 'Цех 1', 'morning'),
('Васильев А.Д.', 'Слесарь', '2024-03-02', 'Цех 2', 'night'),
('Карасев Д.О.', 'Токарь', '2025-04-10', 'Цех 1', 'night'),
('Новиков М.И.', 'Инженер', '2025-09-27', 'Цех 2', 'night'),
('Орлов И.В.', 'Рекрутер', '2025-12-11', 'Отдел кадров', 'morning'),
('Бобров А.А.', 'Сварщик', '2025-03-20', 'Цех 1', 'night');

INSERT INTO access_zones (zone_name, description) values
('A', 'Цех 1'),
('B', 'Цех 2'),
('C', 'Отдел кадров');

INSERT INTO passes (employee_id, pass_type, valid_from, valid_to, status) values
(1, 'permanent', '2026-01-01', null, 'active'),
(2, 'permanent', '2026-01-01', null, 'active'),
(3, 'permanent', '2026-01-01', null, 'active'),
(4, 'permanent', '2026-01-01', null, 'active'),
(5, 'temporary', '2026-06-01', '2026-06-30', 'active'),
(6, 'temporary', '2026-05-01', '2026-05-30', 'expired'),
(7, 'permanent', '2026-01-01', null, 'blocked'),
(8, 'temporary', '2026-04-01', '2026-04-30', 'expired'),
(9, 'permanent', '2026-01-01', null, 'active'),
(10, 'permanent', '2026-01-01', null, 'active');

INSERT INTO users (user_name, password_hash, role) values
('user_bp_office', 'hashed_pass_1', 'bp_office'),
('user_security_chief', 'hashed_pass_2', 'security_chief'),
('user_guard1', 'hashed_pass_3', 'guard'),
('user_guard2', 'hashed_pass_4', 'guard');

INSERT INTO guards (user_id, full_name, shift_number, badge_number, hire_date) values 
('3', 'Щукин А.А.', '01', '101', '2022-03-10'),
('4', 'Сидоров П.В.', '02', '102', '2022-04-05');

INSERT INTO pass_zones (pass_id, zone_id) values 
(1, 1),
(2, 2),
(3, 3),
(4, 3),
(5, 1),
(6, 2),
(7, 1),
(8, 2),
(9, 3),
(10, 1);

INSERT into denial_reasons (reason_code, reason_description) values
('expired', 'Пропуск просрочен'),
('no_zone_access', 'Нет допуска в зону'),
('off_hours', 'Попытка входа в запрещённое время'),
('pass_blocked', 'Пропуск заблокирован');

INSERT INTO history_pass (pass_id, zone_id, reason_id, timestamp, direction, guard_id, notes) values 
(1, 1, null, '2026-06-01 08:00:00', 'in', 1, 'Успешно'),
(1, 1, null, '2026-06-01 20:00:00', 'out', 1, 'Успешно'),
(2, 2, null, '2026-06-01 08:00:00', 'in', 1, 'Успешно'),
(2, 2, null, '2026-06-01 20:00:00', 'out', 1, 'Успешно'),
(3, 3, null, '2026-06-01 08:00:00', 'in', 1, 'Успешно'),
(3, 3, null, '2026-06-01 20:00:00', 'out', 1, 'Успешно'),
(4, 3, null, '2026-06-01 08:00:00', 'in', 1, 'Успешно'),
(4, 3, null, '2026-06-01 20:00:00', 'out', 1, 'Успешно'),
(5, 3, 2, '2026-06-01 08:00:00', 'in', 1, 'Отказ'),
(5, 1, null, '2026-06-01 08:00:00', 'in', 1, 'Успешно'),
(5, 1, null, '2026-06-01 20:00:00', 'out', 1, 'Успешно'),
(6, 2, 1, '2026-06-01 20:00:00', 'in', 2, 'Отказ'),
(7, 1, 4, '2026-06-01 20:00:00', 'in', 2, 'Отказ'),
(8, 2, 1, '2026-06-01 20:00:00', 'in', 2, 'Отказ'),
(9, 3, NULL, '2026-06-01 08:00:00', 'in', 1, 'Успешно'),
(9, 3, null, '2026-06-01 20:00:00', 'out', 1, 'Успешно'),
(10, 1, NULL, '2026-06-01 20:00:00', 'in', 2, 'Успешно'),
(10, 1, null, '2026-06-01 08:00:00', 'out', 2, 'Успешно'),
(1, 1, null, '2026-06-02 08:00:00', 'in', 1, 'Успешно'),
(1, 1, null, '2026-06-02 20:00:00', 'out', 1, 'Успешно'),
(2, 2, null, '2026-06-02 08:00:00', 'in', 1, 'Успешно'),
(2, 2, null, '2026-06-02 20:00:00', 'out', 1, 'Успешно'),
(3, 3, null, '2026-06-02 08:00:00', 'in', 1, 'Успешно'),
(3, 3, null, '2026-06-02 20:00:00', 'out', 1, 'Успешно'),
(4, 1, 2, '2026-06-02 08:00:00', 'in', 1, 'Отказ'),
(5, 1, null, '2026-06-02 08:00:00', 'in', 1, 'Успешно'),
(5, 1, null, '2026-06-02 20:00:00', 'out', 1, 'Успешно'),
(6, 2, 1, '2026-06-02 20:00:00', 'in', 2, 'Отказ'),
(7, 1, 4, '2026-06-02 20:00:00', 'in', 2, 'Отказ'),
(8, 2, 1, '2026-06-02 20:00:00', 'in', 2, 'Отказ'),
(9, 3, 3, '2026-06-02 20:00:00', 'in', 2, 'Отказ'),
(10, 1, NULL, '2026-06-02 20:00:00', 'in', 2, 'Успешно'),
(10, 1, null, '2026-06-02 08:00:00', 'out', 2, 'Успешно'),
(1, 1, 3, '2026-06-03 20:00:00', 'in', 2, 'Отказ'),
(2, 2, null, '2026-06-03 08:00:00', 'in', 1, 'Успешно'),
(2, 2, null, '2026-06-03 20:00:00', 'out', 1, 'Успешно'),
(3, 3, null, '2026-06-03 08:00:00', 'in', 1, 'Успешно'),
(3, 3, null, '2026-06-03 20:00:00', 'out', 1, 'Успешно'),
(4, 3, null, '2026-06-03 08:00:00', 'in', 1, 'Успешно'),
(4, 3, null, '2026-06-03 20:00:00', 'out', 1, 'Успешно'),
(5, 3, 2, '2026-06-03 08:00:00', 'in', 1, 'Отказ'),
(6, 2, 1, '2026-06-03 20:00:00', 'in', 2, 'Отказ'),
(7, 1, 4, '2026-06-03 20:00:00', 'in', 2, 'Отказ'),
(8, 2, 1, '2026-06-03 20:00:00', 'in', 2, 'Отказ'),
(9, 3, null, '2026-06-03 08:00:00', 'in', 1, 'Успешно'),
(9, 3, null, '2026-06-03 20:00:00', 'out', 1, 'Успешно'),
(10, 1, NULL, '2026-06-01 20:00:00', 'in', 2, 'Успешно'),
(10, 1, null, '2026-06-01 08:00:00', 'out', 2, 'Успешно'),
(1, 1, null, '2026-06-04 08:00:00', 'in', 1, 'Успешно'),
(1, 1, null, '2026-06-04 20:00:00', 'out', 1, 'Успешно');


